<?xml version="1.0" encoding="UTF-8"?>
<!DOCTYPE hibernate-configuration PUBLIC "-//Hibernate/Hibernate Configuration DTD 3.0//EN"
                                         "http://www.hibernate.org/dtd/hibernate-configuration-3.0.dtd">
<hibernate-configuration>
 <session-factory >
  <property name="hibernate.connection.driver_class">com.mysql.jdbc.Driver</property>
  <property name="hibernate.connection.password">pass@word1</property>
  <property name="hibernate.connection.url">jdbc:mysql://localhost:3306/hr2</property>
  <property name="hibernate.connection.username">root</property>
  <property name="hibernate.dialect">org.hibernate.dialect.MySQL5Dialect</property>
  <property name="hibernate.format_sql">true</property>
  <property name="hibernate.current_session_context_class">thread</property>
  <property name="hibernate.connection.autocommit">true</property>
  <property name="hibernate.show_sql">true</property>
  <property name="hibernate.hbm2ddl.auto">create</property>
 </session-factory>
</hibernate-configuration>
